<root>
<name>samlSSO</name>
<key>samlSSO</key>
<state>Beta</state>
<logo>https://github.com/DonutsNL/samlSSO/raw/branch/main/donut.png</logo>
<description>
    <short>
        <en>samlSSO enables you to configure SAML with an external IdP to authenticate and authorize users using the GLPI UI.</en>
    </short>
    <long>
        <en>samlSSO provides SAML Single Sign On (SSO) capabilties for GLPI. samlSSO is written with GLPI11+ 
            compatibility in mind. It uses GLPI core components and best-practices for maximum compatibility and 
            maintainability. The plugin enables you to configure multiple SAML providers. The plugin allows you to create 
            new GLPI users Just-In-Time and apply samlSSO rules to assign entities, groups and profiles. If you find an 
            issue or need support, register an issue at Github. If you like my work, share me a star of recognition.
            For everything else join my discord at: https://discord.gg/KyMdkqJcGz. 
        </en>
    </long>
</description>
<homepage>https://github.com/DonutsNL/samlSSO</homepage>
<download>https://github.com/DonutsNL/samlSSO/releases</download>
<issues>https://github.com/DonutsNL/samlSSO/issues</issues>
<readme>https://github.com/DonutsNL/samlSSO/blob/main/README.md</readme>
<authors>
    <author>Chris Gralike</author>
</authors>
<versions>
    <version>
        <num>1.2.00</num>
        <compatibility>~11.0.0</compatibility>
        <download_url>https://github.com/DonutsNL/samlSSO/releases/download/v1.2.00/glpisaml.zip</download_url>
    </version>
    <version>
        <num>1.1.10</num>
        <compatibility>~10.0.0</compatibility>
        <download_url>https://codeberg.org/QuinQuies/glpisaml/releases/download/v1.1.10/glpisaml.zip</download_url>
    </version>
    <version>
        <num>1.1.9</num>
        <compatibility>~10.0.0</compatibility>
        <download_url>https://codeberg.org/QuinQuies/glpisaml/releases/download/v1.1.9/glpisaml.zip</download_url>
    </version>
    <version>
        <num>1.1.6</num>
        <compatibility>~10.0.0</compatibility>
        <download_url>https://codeberg.org/QuinQuies/glpisaml/releases/download/v1.1.6/glpisaml.zip</download_url>
    </version>
    <version>
        <num>1.1.5</num>
        <compatibility>~10.0.0</compatibility>
        <download_url>https://codeberg.org/QuinQuies/glpisaml/releases/download/v1.1.5/glpisaml.zip</download_url>
    </version>
    <version>
        <num>1.1.4</num>
        <compatibility>~10.0.0</compatibility>
        <download_url>https://codeberg.org/QuinQuies/glpisaml/releases/download/v1.1.4/glpisaml.zip</download_url>
    </version>
    <version>
        <num>1.1.3</num>
        <compatibility>~10.0.0</compatibility>
        <download_url>https://codeberg.org/QuinQuies/glpisaml/releases/download/v1.1.3/glpisaml.zip</download_url>
    </version>
    <version>
        <num>1.1.2</num>
        <compatibility>~10.0.0</compatibility>
        <download_url>https://codeberg.org/QuinQuies/glpisaml/releases/download/v1.1.2/glpisaml.zip</download_url>
    </version>
    <version>
        <num>1.1.1</num>
        <compatibility>~10.0.0</compatibility>
        <download_url>https://codeberg.org/QuinQuies/glpisaml/releases/download/v1.1.1/glpisaml.zip</download_url>
    </version>
    <version>
        <num>1.1.0</num>
        <compatibility>~10.0.0</compatibility>
        <download_url>https://codeberg.org/QuinQuies/glpisaml/releases/download/v1.1.0/glpisaml.zip</download_url>
    </version>
</versions>
<langs>
    <lang>en_GB</lang>
</langs>
<license>GPLv3+</license>
<tags>
    <en>
        <tag>Management</tag>
        <tag>Setup</tag>
        <tag>Authentication</tag>
    </en>
</tags>
<screenshots>
    <screenshot>https://codeberg.org/QuinQuies/glpisaml/raw/branch/main/templates/images/glpisaml1.png</screenshot>
    <screenshot>https://codeberg.org/QuinQuies/glpisaml/raw/branch/main/templates/images/glpisaml2.png</screenshot>
    <screenshot>https://codeberg.org/QuinQuies/glpisaml/raw/branch/main/templates/images/glpisaml3.png</screenshot>
    <screenshot>https://codeberg.org/QuinQuies/glpisaml/raw/branch/main/templates/images/glpisaml4.png</screenshot>
    <screenshot>https://codeberg.org/QuinQuies/glpisaml/raw/branch/main/templates/images/glpisaml5.png</screenshot>
    <screenshot>https://codeberg.org/QuinQuies/glpisaml/raw/branch/main/templates/images/glpisaml6.png</screenshot>
</screenshots>
</root>
